{"stat.chestOpened":1,"stat.walkOneCm":119194,"stat.trappedChestTriggered":1,"stat.pickup.immersiveengineering.material":1,"stat.leaveGame":2,"stat.pickup.arcadialbonsaitrees.bonsai_birch_sapling":1,"stat.pickup.projectred-illumination.light_button":1,"stat.useItem.projectred-transmission.wire":61,"stat.useItem.projectred-illumination.light_button":14,"stat.pickup.minecraft.obsidian":15,"stat.drop.thermalfoundation.material":1,"stat.pickup.minecraft.redstone_block":3,"stat.jump":202,"stat.crouchOneCm":3765,"stat.pickup.arcadialbonsaitrees.bonsai_acacia_sapling":1,"stat.useItem.autoverse.pipe":9,"stat.useItem.projectred-integration.gate":10,"stat.sprintOneCm":2912,"stat.useItem.minecraft.stone_slab2":267,"stat.useItem.carryon.tile_item":3,"stat.useItem.minecraft.flint_and_steel":2,"stat.drop.immersiveengineering.material":2,"stat.flyOneCm":74440,"stat.drop":3,"stat.pickup.minecraft.wheat_seeds":1,"stat.useItem.compactmachines3.machine":2,"stat.playOneMinute":67266,"stat.pickup.minecraft.emerald_block":1,"stat.pickup.minecraft.blaze_rod":1,"stat.useItem.thermaldynamics.servo":5,"stat.pickup.arcadialbonsaitrees.bonsai_spruce_sapling":2,"stat.pickup.compactmachines3.machine":6,"stat.sneakTime":2295,"stat.useItem.immersiveengineering.metal_device0":9,"stat.damageDealt":88,"stat.useItem.thermaldynamics.duct_32":24,"stat.timeSinceDeath":67266,"stat.pickup.arcadialbonsaitrees.bonsai_oak_sapling":1}