{
  "questProgress:9": {
    "0:10": {
      "questID:3": 0,
      "completed:9": {},
      "tasks:9": {
        "0:10": {
          "completeUsers:9": {},
          "userProgress:9": {},
          "index:3": 0,
          "taskID:8": "bq_standard:retrieval"
        }
      }
    },
    "1:10": {
      "questID:3": 1,
      "completed:9": {},
      "tasks:9": {
        "0:10": {
          "completeUsers:9": {},
          "userProgress:9": {},
          "index:3": 0,
          "taskID:8": "bq_standard:retrieval"
        }
      }
    },
    "2:10": {
      "questID:3": 2,
      "completed:9": {},
      "tasks:9": {
        "0:10": {
          "completeUsers:9": {},
          "userProgress:9": {},
          "index:3": 0,
          "taskID:8": "bq_standard:retrieval"
        }
      }
    },
    "3:10": {
      "questID:3": 3,
      "completed:9": {},
      "tasks:9": {
        "0:10": {
          "completeUsers:9": {},
          "userProgress:9": {},
          "index:3": 0,
          "taskID:8": "bq_standard:fluid"
        }
      }
    },
    "4:10": {
      "questID:3": 4,
      "completed:9": {},
      "tasks:9": {
        "0:10": {
          "completeUsers:9": {},
          "userProgress:9": {},
          "index:3": 0,
          "taskID:8": "bq_standard:retrieval"
        }
      }
    },
    "5:10": {
      "questID:3": 5,
      "completed:9": {},
      "tasks:9": {
        "0:10": {
          "completeUsers:9": {},
          "userProgress:9": {},
          "index:3": 0,
          "taskID:8": "bq_standard:retrieval"
        }
      }
    },
    "6:10": {
      "questID:3": 6,
      "completed:9": {},
      "tasks:9": {
        "0:10": {
          "completeUsers:9": {},
          "userProgress:9": {},
          "index:3": 0,
          "taskID:8": "bq_standard:fluid"
        }
      }
    },
    "7:10": {
      "questID:3": 7,
      "completed:9": {},
      "tasks:9": {
        "0:10": {
          "completeUsers:9": {},
          "userProgress:9": {},
          "index:3": 0,
          "taskID:8": "bq_standard:retrieval"
        }
      }
    },
    "8:10": {
      "questID:3": 8,
      "completed:9": {},
      "tasks:9": {
        "0:10": {
          "completeUsers:9": {},
          "userProgress:9": {},
          "index:3": 0,
          "taskID:8": "bq_standard:retrieval"
        }
      }
    },
    "9:10": {
      "questID:3": 9,
      "completed:9": {},
      "tasks:9": {
        "0:10": {
          "completeUsers:9": {},
          "userProgress:9": {},
          "index:3": 0,
          "taskID:8": "bq_standard:retrieval"
        }
      }
    },
    "10:10": {
      "questID:3": 10,
      "completed:9": {},
      "tasks:9": {
        "0:10": {
          "completeUsers:9": {},
          "userProgress:9": {},
          "index:3": 0,
          "taskID:8": "bq_standard:retrieval"
        }
      }
    },
    "11:10": {
      "questID:3": 11,
      "completed:9": {},
      "tasks:9": {
        "0:10": {
          "completeUsers:9": {},
          "userProgress:9": {},
          "index:3": 0,
          "taskID:8": "bq_standard:retrieval"
        }
      }
    },
    "12:10": {
      "questID:3": 12,
      "completed:9": {},
      "tasks:9": {
        "0:10": {
          "completeUsers:9": {},
          "userProgress:9": {},
          "index:3": 0,
          "taskID:8": "bq_standard:retrieval"
        }
      }
    },
    "13:10": {
      "questID:3": 13,
      "completed:9": {},
      "tasks:9": {
        "0:10": {
          "completeUsers:9": {},
          "userProgress:9": {},
          "index:3": 0,
          "taskID:8": "bq_standard:retrieval"
        }
      }
    },
    "14:10": {
      "questID:3": 14,
      "completed:9": {},
      "tasks:9": {
        "0:10": {
          "completeUsers:9": {},
          "userProgress:9": {},
          "index:3": 0,
          "taskID:8": "bq_standard:retrieval"
        }
      }
    },
    "15:10": {
      "questID:3": 15,
      "completed:9": {},
      "tasks:9": {
        "0:10": {
          "completeUsers:9": {},
          "userProgress:9": {},
          "index:3": 0,
          "taskID:8": "bq_standard:retrieval"
        }
      }
    },
    "16:10": {
      "questID:3": 16,
      "completed:9": {},
      "tasks:9": {
        "0:10": {
          "completeUsers:9": {},
          "userProgress:9": {},
          "index:3": 0,
          "taskID:8": "bq_standard:retrieval"
        }
      }
    },
    "17:10": {
      "questID:3": 17,
      "completed:9": {},
      "tasks:9": {
        "0:10": {
          "completeUsers:9": {},
          "userProgress:9": {},
          "index:3": 0,
          "taskID:8": "bq_standard:retrieval"
        }
      }
    },
    "18:10": {
      "questID:3": 18,
      "completed:9": {},
      "tasks:9": {
        "0:10": {
          "completeUsers:9": {},
          "userProgress:9": {},
          "index:3": 0,
          "taskID:8": "bq_standard:retrieval"
        }
      }
    },
    "19:10": {
      "questID:3": 19,
      "completed:9": {},
      "tasks:9": {
        "0:10": {
          "completeUsers:9": {},
          "userProgress:9": {},
          "index:3": 0,
          "taskID:8": "bq_standard:retrieval"
        }
      }
    },
    "20:10": {
      "questID:3": 20,
      "completed:9": {},
      "tasks:9": {
        "0:10": {
          "completeUsers:9": {},
          "userProgress:9": {},
          "index:3": 0,
          "taskID:8": "bq_standard:retrieval"
        }
      }
    },
    "21:10": {
      "questID:3": 21,
      "completed:9": {},
      "tasks:9": {
        "0:10": {
          "completeUsers:9": {},
          "userProgress:9": {},
          "index:3": 0,
          "taskID:8": "bq_standard:retrieval"
        }
      }
    },
    "22:10": {
      "questID:3": 22,
      "completed:9": {},
      "tasks:9": {
        "0:10": {
          "completeUsers:9": {},
          "userProgress:9": {},
          "index:3": 0,
          "taskID:8": "bq_standard:retrieval"
        }
      }
    },
    "23:10": {
      "questID:3": 23,
      "completed:9": {},
      "tasks:9": {
        "0:10": {
          "completeUsers:9": {},
          "userProgress:9": {},
          "index:3": 0,
          "taskID:8": "bq_standard:retrieval"
        }
      }
    },
    "24:10": {
      "questID:3": 24,
      "completed:9": {},
      "tasks:9": {
        "0:10": {
          "completeUsers:9": {},
          "userProgress:9": {},
          "index:3": 0,
          "taskID:8": "bq_standard:retrieval"
        }
      }
    },
    "25:10": {
      "questID:3": 25,
      "completed:9": {},
      "tasks:9": {
        "0:10": {
          "completeUsers:9": {},
          "userProgress:9": {},
          "index:3": 0,
          "taskID:8": "bq_standard:retrieval"
        }
      }
    },
    "26:10": {
      "questID:3": 26,
      "completed:9": {},
      "tasks:9": {
        "0:10": {
          "completeUsers:9": {},
          "userProgress:9": {},
          "index:3": 0,
          "taskID:8": "bq_standard:retrieval"
        }
      }
    },
    "27:10": {
      "questID:3": 27,
      "completed:9": {},
      "tasks:9": {
        "0:10": {
          "completeUsers:9": {},
          "userProgress:9": {},
          "index:3": 0,
          "taskID:8": "bq_standard:retrieval"
        }
      }
    },
    "28:10": {
      "questID:3": 28,
      "completed:9": {},
      "tasks:9": {
        "0:10": {
          "completeUsers:9": {},
          "userProgress:9": {},
          "index:3": 0,
          "taskID:8": "bq_standard:retrieval"
        }
      }
    },
    "29:10": {
      "questID:3": 29,
      "completed:9": {},
      "tasks:9": {
        "0:10": {
          "completeUsers:9": {},
          "userProgress:9": {},
          "index:3": 0,
          "taskID:8": "bq_standard:retrieval"
        }
      }
    },
    "30:10": {
      "questID:3": 30,
      "completed:9": {},
      "tasks:9": {
        "0:10": {
          "completeUsers:9": {},
          "userProgress:9": {},
          "index:3": 0,
          "taskID:8": "bq_standard:retrieval"
        }
      }
    },
    "31:10": {
      "questID:3": 31,
      "completed:9": {},
      "tasks:9": {
        "0:10": {
          "completeUsers:9": {},
          "userProgress:9": {},
          "index:3": 0,
          "taskID:8": "bq_standard:retrieval"
        }
      }
    },
    "32:10": {
      "questID:3": 32,
      "completed:9": {},
      "tasks:9": {
        "0:10": {
          "completeUsers:9": {},
          "userProgress:9": {},
          "index:3": 0,
          "taskID:8": "bq_standard:retrieval"
        }
      }
    },
    "33:10": {
      "questID:3": 33,
      "completed:9": {},
      "tasks:9": {
        "0:10": {
          "completeUsers:9": {},
          "userProgress:9": {},
          "index:3": 0,
          "taskID:8": "bq_standard:retrieval"
        }
      }
    },
    "34:10": {
      "questID:3": 34,
      "completed:9": {},
      "tasks:9": {
        "0:10": {
          "completeUsers:9": {},
          "userProgress:9": {},
          "index:3": 0,
          "taskID:8": "bq_standard:retrieval"
        }
      }
    },
    "35:10": {
      "questID:3": 35,
      "completed:9": {},
      "tasks:9": {
        "0:10": {
          "completeUsers:9": {},
          "userProgress:9": {},
          "index:3": 0,
          "taskID:8": "bq_standard:retrieval"
        }
      }
    },
    "36:10": {
      "questID:3": 36,
      "completed:9": {},
      "tasks:9": {
        "0:10": {
          "completeUsers:9": {},
          "userProgress:9": {},
          "index:3": 0,
          "taskID:8": "bq_standard:retrieval"
        }
      }
    },
    "37:10": {
      "questID:3": 37,
      "completed:9": {},
      "tasks:9": {
        "0:10": {
          "completeUsers:9": {},
          "userProgress:9": {},
          "index:3": 0,
          "taskID:8": "bq_standard:retrieval"
        }
      }
    },
    "38:10": {
      "questID:3": 38,
      "completed:9": {},
      "tasks:9": {
        "0:10": {
          "completeUsers:9": {},
          "userProgress:9": {},
          "index:3": 0,
          "taskID:8": "bq_standard:retrieval"
        }
      }
    },
    "39:10": {
      "questID:3": 39,
      "completed:9": {},
      "tasks:9": {
        "0:10": {
          "completeUsers:9": {},
          "userProgress:9": {},
          "index:3": 0,
          "taskID:8": "bq_standard:retrieval"
        }
      }
    },
    "40:10": {
      "questID:3": 40,
      "completed:9": {},
      "tasks:9": {
        "0:10": {
          "completeUsers:9": {},
          "userProgress:9": {},
          "index:3": 0,
          "taskID:8": "bq_standard:retrieval"
        }
      }
    },
    "41:10": {
      "questID:3": 41,
      "completed:9": {},
      "tasks:9": {
        "0:10": {
          "completeUsers:9": {},
          "userProgress:9": {},
          "index:3": 0,
          "taskID:8": "bq_standard:retrieval"
        }
      }
    },
    "42:10": {
      "questID:3": 42,
      "completed:9": {},
      "tasks:9": {
        "0:10": {
          "completeUsers:9": {},
          "userProgress:9": {},
          "index:3": 0,
          "taskID:8": "bq_standard:retrieval"
        }
      }
    },
    "43:10": {
      "questID:3": 43,
      "completed:9": {},
      "tasks:9": {
        "0:10": {
          "completeUsers:9": {},
          "userProgress:9": {},
          "index:3": 0,
          "taskID:8": "bq_standard:retrieval"
        }
      }
    },
    "44:10": {
      "questID:3": 44,
      "completed:9": {},
      "tasks:9": {
        "0:10": {
          "completeUsers:9": {},
          "userProgress:9": {},
          "index:3": 0,
          "taskID:8": "bq_standard:retrieval"
        }
      }
    },
    "45:10": {
      "questID:3": 45,
      "completed:9": {},
      "tasks:9": {
        "0:10": {
          "completeUsers:9": {},
          "userProgress:9": {},
          "index:3": 0,
          "taskID:8": "bq_standard:retrieval"
        }
      }
    },
    "46:10": {
      "questID:3": 46,
      "completed:9": {},
      "tasks:9": {
        "0:10": {
          "completeUsers:9": {},
          "userProgress:9": {},
          "index:3": 0,
          "taskID:8": "bq_standard:retrieval"
        }
      }
    },
    "47:10": {
      "questID:3": 47,
      "completed:9": {},
      "tasks:9": {
        "0:10": {
          "completeUsers:9": {},
          "userProgress:9": {},
          "index:3": 0,
          "taskID:8": "bq_standard:retrieval"
        }
      }
    },
    "48:10": {
      "questID:3": 48,
      "completed:9": {},
      "tasks:9": {
        "0:10": {
          "completeUsers:9": {},
          "userProgress:9": {},
          "index:3": 0,
          "taskID:8": "bq_standard:retrieval"
        }
      }
    },
    "49:10": {
      "questID:3": 49,
      "completed:9": {},
      "tasks:9": {
        "0:10": {
          "completeUsers:9": {},
          "userProgress:9": {},
          "index:3": 1,
          "taskID:8": "bq_standard:retrieval"
        }
      }
    },
    "50:10": {
      "questID:3": 50,
      "completed:9": {},
      "tasks:9": {
        "0:10": {
          "completeUsers:9": {},
          "userProgress:9": {},
          "index:3": 0,
          "taskID:8": "bq_standard:retrieval"
        }
      }
    },
    "51:10": {
      "questID:3": 51,
      "completed:9": {},
      "tasks:9": {
        "0:10": {
          "completeUsers:9": {},
          "userProgress:9": {},
          "index:3": 0,
          "taskID:8": "bq_standard:retrieval"
        }
      }
    },
    "52:10": {
      "questID:3": 52,
      "completed:9": {},
      "tasks:9": {
        "0:10": {
          "completeUsers:9": {},
          "userProgress:9": {},
          "index:3": 0,
          "taskID:8": "bq_standard:retrieval"
        }
      }
    },
    "53:10": {
      "questID:3": 53,
      "completed:9": {},
      "tasks:9": {
        "0:10": {
          "completeUsers:9": {},
          "userProgress:9": {},
          "index:3": 0,
          "taskID:8": "bq_standard:retrieval"
        }
      }
    },
    "54:10": {
      "questID:3": 54,
      "completed:9": {},
      "tasks:9": {
        "0:10": {
          "completeUsers:9": {},
          "userProgress:9": {},
          "index:3": 0,
          "taskID:8": "bq_standard:retrieval"
        }
      }
    },
    "55:10": {
      "questID:3": 55,
      "completed:9": {},
      "tasks:9": {
        "0:10": {
          "completeUsers:9": {},
          "userProgress:9": {},
          "index:3": 0,
          "taskID:8": "bq_standard:retrieval"
        }
      }
    },
    "56:10": {
      "questID:3": 56,
      "completed:9": {},
      "tasks:9": {
        "0:10": {
          "completeUsers:9": {},
          "userProgress:9": {},
          "index:3": 0,
          "taskID:8": "bq_standard:retrieval"
        }
      }
    },
    "57:10": {
      "questID:3": 57,
      "completed:9": {},
      "tasks:9": {
        "0:10": {
          "completeUsers:9": {},
          "userProgress:9": {},
          "index:3": 0,
          "taskID:8": "bq_standard:retrieval"
        }
      }
    },
    "58:10": {
      "questID:3": 58,
      "completed:9": {},
      "tasks:9": {
        "0:10": {
          "completeUsers:9": {},
          "userProgress:9": {},
          "index:3": 0,
          "taskID:8": "bq_standard:retrieval"
        }
      }
    },
    "59:10": {
      "questID:3": 59,
      "completed:9": {},
      "tasks:9": {
        "0:10": {
          "completeUsers:9": {},
          "userProgress:9": {},
          "index:3": 0,
          "taskID:8": "bq_standard:retrieval"
        }
      }
    },
    "60:10": {
      "questID:3": 60,
      "completed:9": {},
      "tasks:9": {
        "0:10": {
          "completeUsers:9": {},
          "userProgress:9": {},
          "index:3": 0,
          "taskID:8": "bq_standard:retrieval"
        }
      }
    },
    "61:10": {
      "questID:3": 61,
      "completed:9": {},
      "tasks:9": {
        "0:10": {
          "completeUsers:9": {},
          "userProgress:9": {},
          "index:3": 0,
          "taskID:8": "bq_standard:retrieval"
        }
      }
    },
    "62:10": {
      "questID:3": 62,
      "completed:9": {},
      "tasks:9": {
        "0:10": {
          "completeUsers:9": {},
          "userProgress:9": {},
          "index:3": 0,
          "taskID:8": "bq_standard:retrieval"
        }
      }
    },
    "63:10": {
      "questID:3": 63,
      "completed:9": {},
      "tasks:9": {
        "0:10": {
          "completeUsers:9": {},
          "userProgress:9": {},
          "index:3": 0,
          "taskID:8": "bq_standard:retrieval"
        }
      }
    },
    "64:10": {
      "questID:3": 64,
      "completed:9": {},
      "tasks:9": {
        "0:10": {
          "completeUsers:9": {},
          "userProgress:9": {},
          "index:3": 0,
          "taskID:8": "bq_standard:retrieval"
        }
      }
    },
    "65:10": {
      "questID:3": 65,
      "completed:9": {},
      "tasks:9": {
        "0:10": {
          "completeUsers:9": {},
          "userProgress:9": {},
          "index:3": 0,
          "taskID:8": "bq_standard:retrieval"
        }
      }
    },
    "66:10": {
      "questID:3": 66,
      "completed:9": {},
      "tasks:9": {
        "0:10": {
          "completeUsers:9": {},
          "userProgress:9": {},
          "index:3": 0,
          "taskID:8": "bq_standard:retrieval"
        }
      }
    },
    "67:10": {
      "questID:3": 67,
      "completed:9": {},
      "tasks:9": {
        "0:10": {
          "completeUsers:9": {},
          "userProgress:9": {},
          "index:3": 0,
          "taskID:8": "bq_standard:retrieval"
        }
      }
    },
    "68:10": {
      "questID:3": 68,
      "completed:9": {},
      "tasks:9": {
        "0:10": {
          "completeUsers:9": {},
          "index:3": 0,
          "taskID:8": "bq_standard:location"
        }
      }
    },
    "69:10": {
      "questID:3": 69,
      "completed:9": {},
      "tasks:9": {
        "0:10": {
          "completeUsers:9": {},
          "userProgress:9": {},
          "index:3": 0,
          "taskID:8": "bq_standard:retrieval"
        }
      }
    },
    "70:10": {
      "questID:3": 70,
      "completed:9": {},
      "tasks:9": {
        "0:10": {
          "completeUsers:9": {},
          "userProgress:9": {},
          "index:3": 0,
          "taskID:8": "bq_standard:retrieval"
        }
      }
    },
    "71:10": {
      "questID:3": 71,
      "completed:9": {},
      "tasks:9": {
        "0:10": {
          "completeUsers:9": {},
          "userProgress:9": {},
          "index:3": 0,
          "taskID:8": "bq_standard:retrieval"
        }
      }
    },
    "72:10": {
      "questID:3": 72,
      "completed:9": {},
      "tasks:9": {
        "0:10": {
          "completeUsers:9": {},
          "userProgress:9": {},
          "index:3": 0,
          "taskID:8": "bq_standard:retrieval"
        }
      }
    },
    "73:10": {
      "questID:3": 73,
      "completed:9": {},
      "tasks:9": {
        "0:10": {
          "completeUsers:9": {},
          "userProgress:9": {},
          "index:3": 0,
          "taskID:8": "bq_standard:retrieval"
        }
      }
    },
    "74:10": {
      "questID:3": 74,
      "completed:9": {},
      "tasks:9": {
        "0:10": {
          "completeUsers:9": {},
          "userProgress:9": {},
          "index:3": 0,
          "taskID:8": "bq_standard:retrieval"
        }
      }
    },
    "75:10": {
      "questID:3": 75,
      "completed:9": {},
      "tasks:9": {}
    },
    "76:10": {
      "questID:3": 76,
      "completed:9": {},
      "tasks:9": {
        "0:10": {
          "completeUsers:9": {},
          "userProgress:9": {},
          "index:3": 0,
          "taskID:8": "bq_standard:retrieval"
        }
      }
    },
    "77:10": {
      "questID:3": 77,
      "completed:9": {},
      "tasks:9": {
        "0:10": {
          "completeUsers:9": {},
          "userProgress:9": {},
          "index:3": 0,
          "taskID:8": "bq_standard:retrieval"
        }
      }
    },
    "78:10": {
      "questID:3": 78,
      "completed:9": {},
      "tasks:9": {
        "0:10": {
          "completeUsers:9": {},
          "userProgress:9": {},
          "index:3": 0,
          "taskID:8": "bq_standard:retrieval"
        }
      }
    },
    "79:10": {
      "questID:3": 79,
      "completed:9": {},
      "tasks:9": {
        "0:10": {
          "completeUsers:9": {},
          "userProgress:9": {},
          "index:3": 0,
          "taskID:8": "bq_standard:retrieval"
        }
      }
    },
    "80:10": {
      "questID:3": 80,
      "completed:9": {},
      "tasks:9": {
        "0:10": {
          "completeUsers:9": {},
          "userProgress:9": {},
          "index:3": 0,
          "taskID:8": "bq_standard:retrieval"
        }
      }
    },
    "81:10": {
      "questID:3": 81,
      "completed:9": {},
      "tasks:9": {
        "0:10": {
          "completeUsers:9": {},
          "userProgress:9": {},
          "index:3": 0,
          "taskID:8": "bq_standard:retrieval"
        }
      }
    },
    "82:10": {
      "questID:3": 82,
      "completed:9": {},
      "tasks:9": {
        "0:10": {
          "completeUsers:9": {},
          "userProgress:9": {},
          "index:3": 0,
          "taskID:8": "bq_standard:retrieval"
        }
      }
    },
    "83:10": {
      "questID:3": 83,
      "completed:9": {},
      "tasks:9": {
        "0:10": {
          "completeUsers:9": {},
          "userProgress:9": {},
          "index:3": 0,
          "taskID:8": "bq_standard:retrieval"
        }
      }
    },
    "84:10": {
      "questID:3": 84,
      "completed:9": {},
      "tasks:9": {
        "0:10": {
          "completeUsers:9": {},
          "userProgress:9": {},
          "index:3": 0,
          "taskID:8": "bq_standard:retrieval"
        }
      }
    },
    "85:10": {
      "questID:3": 85,
      "completed:9": {},
      "tasks:9": {
        "0:10": {
          "completeUsers:9": {},
          "userProgress:9": {},
          "index:3": 0,
          "taskID:8": "bq_standard:retrieval"
        }
      }
    },
    "86:10": {
      "questID:3": 86,
      "completed:9": {},
      "tasks:9": {
        "0:10": {
          "completeUsers:9": {},
          "userProgress:9": {},
          "index:3": 0,
          "taskID:8": "bq_standard:retrieval"
        }
      }
    },
    "87:10": {
      "questID:3": 87,
      "completed:9": {},
      "tasks:9": {
        "0:10": {
          "completeUsers:9": {},
          "userProgress:9": {},
          "index:3": 0,
          "taskID:8": "bq_standard:retrieval"
        }
      }
    },
    "88:10": {
      "questID:3": 88,
      "completed:9": {},
      "tasks:9": {
        "0:10": {
          "completeUsers:9": {},
          "userProgress:9": {},
          "index:3": 0,
          "taskID:8": "bq_standard:retrieval"
        }
      }
    },
    "89:10": {
      "questID:3": 89,
      "completed:9": {},
      "tasks:9": {
        "0:10": {
          "completeUsers:9": {},
          "userProgress:9": {},
          "index:3": 0,
          "taskID:8": "bq_standard:retrieval"
        }
      }
    },
    "90:10": {
      "questID:3": 90,
      "completed:9": {},
      "tasks:9": {
        "0:10": {
          "completeUsers:9": {},
          "userProgress:9": {},
          "index:3": 0,
          "taskID:8": "bq_standard:retrieval"
        }
      }
    },
    "91:10": {
      "questID:3": 91,
      "completed:9": {},
      "tasks:9": {
        "0:10": {
          "completeUsers:9": {},
          "userProgress:9": {},
          "index:3": 0,
          "taskID:8": "bq_standard:retrieval"
        }
      }
    },
    "92:10": {
      "questID:3": 92,
      "completed:9": {},
      "tasks:9": {
        "0:10": {
          "completeUsers:9": {},
          "userProgress:9": {},
          "index:3": 0,
          "taskID:8": "bq_standard:block_break"
        }
      }
    },
    "93:10": {
      "questID:3": 93,
      "completed:9": {},
      "tasks:9": {
        "0:10": {
          "completeUsers:9": {},
          "userProgress:9": {},
          "index:3": 0,
          "taskID:8": "bq_standard:retrieval"
        }
      }
    },
    "94:10": {
      "questID:3": 94,
      "completed:9": {},
      "tasks:9": {
        "0:10": {
          "completeUsers:9": {},
          "userProgress:9": {},
          "index:3": 0,
          "taskID:8": "bq_standard:retrieval"
        }
      }
    },
    "95:10": {
      "questID:3": 95,
      "completed:9": {},
      "tasks:9": {
        "0:10": {
          "completeUsers:9": {},
          "userProgress:9": {},
          "index:3": 0,
          "taskID:8": "bq_standard:retrieval"
        }
      }
    },
    "96:10": {
      "questID:3": 96,
      "completed:9": {},
      "tasks:9": {
        "0:10": {
          "completeUsers:9": {},
          "userProgress:9": {},
          "index:3": 0,
          "taskID:8": "bq_standard:retrieval"
        }
      }
    },
    "97:10": {
      "questID:3": 97,
      "completed:9": {},
      "tasks:9": {
        "0:10": {
          "completeUsers:9": {},
          "userProgress:9": {},
          "index:3": 0,
          "taskID:8": "bq_standard:retrieval"
        }
      }
    },
    "98:10": {
      "questID:3": 98,
      "completed:9": {},
      "tasks:9": {
        "0:10": {
          "completeUsers:9": {},
          "userProgress:9": {},
          "index:3": 0,
          "taskID:8": "bq_standard:retrieval"
        }
      }
    },
    "99:10": {
      "questID:3": 99,
      "completed:9": {},
      "tasks:9": {
        "0:10": {
          "completeUsers:9": {},
          "userProgress:9": {},
          "index:3": 0,
          "taskID:8": "bq_standard:retrieval"
        }
      }
    },
    "100:10": {
      "questID:3": 100,
      "completed:9": {},
      "tasks:9": {
        "0:10": {
          "completeUsers:9": {},
          "userProgress:9": {},
          "index:3": 0,
          "taskID:8": "bq_standard:retrieval"
        }
      }
    },
    "101:10": {
      "questID:3": 101,
      "completed:9": {},
      "tasks:9": {
        "0:10": {
          "completeUsers:9": {},
          "userProgress:9": {},
          "index:3": 0,
          "taskID:8": "bq_standard:retrieval"
        }
      }
    },
    "102:10": {
      "questID:3": 102,
      "completed:9": {},
      "tasks:9": {
        "0:10": {
          "completeUsers:9": {},
          "userProgress:9": {},
          "index:3": 0,
          "taskID:8": "bq_standard:retrieval"
        }
      }
    },
    "103:10": {
      "questID:3": 103,
      "completed:9": {},
      "tasks:9": {
        "0:10": {
          "completeUsers:9": {},
          "userProgress:9": {},
          "index:3": 0,
          "taskID:8": "bq_standard:retrieval"
        }
      }
    },
    "104:10": {
      "questID:3": 104,
      "completed:9": {},
      "tasks:9": {
        "0:10": {
          "completeUsers:9": {},
          "userProgress:9": {},
          "index:3": 0,
          "taskID:8": "bq_standard:retrieval"
        }
      }
    },
    "105:10": {
      "questID:3": 105,
      "completed:9": {},
      "tasks:9": {
        "0:10": {
          "completeUsers:9": {},
          "userProgress:9": {},
          "index:3": 0,
          "taskID:8": "bq_standard:retrieval"
        }
      }
    },
    "106:10": {
      "questID:3": 106,
      "completed:9": {},
      "tasks:9": {
        "0:10": {
          "completeUsers:9": {},
          "userProgress:9": {},
          "index:3": 0,
          "taskID:8": "bq_standard:retrieval"
        }
      }
    },
    "107:10": {
      "questID:3": 107,
      "completed:9": {},
      "tasks:9": {
        "0:10": {
          "completeUsers:9": {},
          "userProgress:9": {},
          "index:3": 0,
          "taskID:8": "bq_standard:retrieval"
        }
      }
    },
    "108:10": {
      "questID:3": 108,
      "completed:9": {},
      "tasks:9": {
        "0:10": {
          "completeUsers:9": {},
          "userProgress:9": {},
          "index:3": 0,
          "taskID:8": "bq_standard:retrieval"
        }
      }
    },
    "109:10": {
      "questID:3": 109,
      "completed:9": {},
      "tasks:9": {
        "0:10": {
          "completeUsers:9": {},
          "userProgress:9": {},
          "index:3": 0,
          "taskID:8": "bq_standard:retrieval"
        }
      }
    },
    "110:10": {
      "questID:3": 110,
      "completed:9": {},
      "tasks:9": {
        "0:10": {
          "completeUsers:9": {},
          "userProgress:9": {},
          "index:3": 0,
          "taskID:8": "bq_standard:retrieval"
        }
      }
    },
    "111:10": {
      "questID:3": 111,
      "completed:9": {},
      "tasks:9": {
        "0:10": {
          "completeUsers:9": {},
          "userProgress:9": {},
          "index:3": 0,
          "taskID:8": "bq_standard:retrieval"
        }
      }
    },
    "112:10": {
      "questID:3": 112,
      "completed:9": {},
      "tasks:9": {
        "0:10": {
          "completeUsers:9": {},
          "userProgress:9": {},
          "index:3": 0,
          "taskID:8": "bq_standard:retrieval"
        }
      }
    },
    "113:10": {
      "questID:3": 113,
      "completed:9": {},
      "tasks:9": {
        "0:10": {
          "completeUsers:9": {},
          "userProgress:9": {},
          "index:3": 0,
          "taskID:8": "bq_standard:retrieval"
        }
      }
    },
    "114:10": {
      "questID:3": 114,
      "completed:9": {},
      "tasks:9": {
        "0:10": {
          "completeUsers:9": {},
          "userProgress:9": {},
          "index:3": 0,
          "taskID:8": "bq_standard:retrieval"
        }
      }
    },
    "115:10": {
      "questID:3": 115,
      "completed:9": {},
      "tasks:9": {
        "0:10": {
          "completeUsers:9": {},
          "userProgress:9": {},
          "index:3": 0,
          "taskID:8": "bq_standard:retrieval"
        }
      }
    },
    "116:10": {
      "questID:3": 116,
      "completed:9": {},
      "tasks:9": {}
    },
    "117:10": {
      "questID:3": 117,
      "completed:9": {},
      "tasks:9": {
        "0:10": {
          "completeUsers:9": {},
          "userProgress:9": {},
          "index:3": 0,
          "taskID:8": "bq_standard:retrieval"
        }
      }
    },
    "118:10": {
      "questID:3": 118,
      "completed:9": {},
      "tasks:9": {
        "0:10": {
          "completeUsers:9": {},
          "userProgress:9": {},
          "index:3": 0,
          "taskID:8": "bq_standard:retrieval"
        }
      }
    },
    "119:10": {
      "questID:3": 119,
      "completed:9": {},
      "tasks:9": {
        "0:10": {
          "completeUsers:9": {},
          "userProgress:9": {},
          "index:3": 0,
          "taskID:8": "bq_standard:retrieval"
        }
      }
    },
    "120:10": {
      "questID:3": 120,
      "completed:9": {},
      "tasks:9": {
        "0:10": {
          "completeUsers:9": {},
          "userProgress:9": {},
          "index:3": 0,
          "taskID:8": "bq_standard:retrieval"
        }
      }
    },
    "121:10": {
      "questID:3": 121,
      "completed:9": {},
      "tasks:9": {
        "0:10": {
          "completeUsers:9": {},
          "userProgress:9": {},
          "index:3": 0,
          "taskID:8": "bq_standard:retrieval"
        }
      }
    },
    "122:10": {
      "questID:3": 122,
      "completed:9": {},
      "tasks:9": {
        "0:10": {
          "completeUsers:9": {},
          "userProgress:9": {},
          "index:3": 1,
          "taskID:8": "bq_standard:retrieval"
        }
      }
    },
    "123:10": {
      "questID:3": 123,
      "completed:9": {},
      "tasks:9": {
        "0:10": {
          "completeUsers:9": {},
          "userProgress:9": {},
          "index:3": 0,
          "taskID:8": "bq_standard:retrieval"
        }
      }
    },
    "124:10": {
      "questID:3": 124,
      "completed:9": {},
      "tasks:9": {
        "0:10": {
          "completeUsers:9": {},
          "userProgress:9": {},
          "index:3": 0,
          "taskID:8": "bq_standard:retrieval"
        }
      }
    },
    "125:10": {
      "questID:3": 125,
      "completed:9": {},
      "tasks:9": {
        "0:10": {
          "completeUsers:9": {},
          "userProgress:9": {},
          "index:3": 0,
          "taskID:8": "bq_standard:retrieval"
        }
      }
    },
    "126:10": {
      "questID:3": 126,
      "completed:9": {},
      "tasks:9": {
        "0:10": {
          "completeUsers:9": {},
          "userProgress:9": {},
          "index:3": 0,
          "taskID:8": "bq_standard:retrieval"
        }
      }
    },
    "127:10": {
      "questID:3": 127,
      "completed:9": {},
      "tasks:9": {
        "0:10": {
          "completeUsers:9": {},
          "userProgress:9": {},
          "index:3": 0,
          "taskID:8": "bq_standard:retrieval"
        }
      }
    },
    "128:10": {
      "questID:3": 128,
      "completed:9": {},
      "tasks:9": {
        "0:10": {
          "completeUsers:9": {},
          "userProgress:9": {},
          "index:3": 0,
          "taskID:8": "bq_standard:retrieval"
        }
      }
    },
    "129:10": {
      "questID:3": 129,
      "completed:9": {},
      "tasks:9": {
        "0:10": {
          "completeUsers:9": {},
          "userProgress:9": {},
          "index:3": 0,
          "taskID:8": "bq_standard:retrieval"
        }
      }
    },
    "130:10": {
      "questID:3": 130,
      "completed:9": {},
      "tasks:9": {
        "0:10": {
          "completeUsers:9": {},
          "userProgress:9": {},
          "index:3": 0,
          "taskID:8": "bq_standard:retrieval"
        }
      }
    },
    "131:10": {
      "questID:3": 131,
      "completed:9": {},
      "tasks:9": {
        "0:10": {
          "completeUsers:9": {},
          "userProgress:9": {},
          "index:3": 0,
          "taskID:8": "bq_standard:retrieval"
        }
      }
    },
    "132:10": {
      "questID:3": 132,
      "completed:9": {},
      "tasks:9": {
        "0:10": {
          "completeUsers:9": {},
          "userProgress:9": {},
          "index:3": 0,
          "taskID:8": "bq_standard:retrieval"
        }
      }
    },
    "133:10": {
      "questID:3": 133,
      "completed:9": {},
      "tasks:9": {
        "0:10": {
          "completeUsers:9": {},
          "userProgress:9": {},
          "index:3": 0,
          "taskID:8": "bq_standard:retrieval"
        }
      }
    },
    "134:10": {
      "questID:3": 134,
      "completed:9": {},
      "tasks:9": {
        "0:10": {
          "completeUsers:9": {},
          "userProgress:9": {},
          "index:3": 0,
          "taskID:8": "bq_standard:retrieval"
        }
      }
    },
    "135:10": {
      "questID:3": 135,
      "completed:9": {},
      "tasks:9": {
        "0:10": {
          "completeUsers:9": {},
          "userProgress:9": {},
          "index:3": 0,
          "taskID:8": "bq_standard:retrieval"
        }
      }
    },
    "136:10": {
      "questID:3": 136,
      "completed:9": {},
      "tasks:9": {
        "0:10": {
          "completeUsers:9": {},
          "index:3": 0,
          "taskID:8": "bq_standard:checkbox"
        }
      }
    },
    "137:10": {
      "questID:3": 137,
      "completed:9": {},
      "tasks:9": {
        "0:10": {
          "completeUsers:9": {},
          "userProgress:9": {},
          "index:3": 0,
          "taskID:8": "bq_standard:retrieval"
        }
      }
    },
    "138:10": {
      "questID:3": 138,
      "completed:9": {},
      "tasks:9": {
        "0:10": {
          "completeUsers:9": {},
          "userProgress:9": {},
          "index:3": 0,
          "taskID:8": "bq_standard:retrieval"
        }
      }
    },
    "139:10": {
      "questID:3": 139,
      "completed:9": {},
      "tasks:9": {
        "0:10": {
          "completeUsers:9": {},
          "userProgress:9": {},
          "index:3": 0,
          "taskID:8": "bq_standard:retrieval"
        }
      }
    },
    "140:10": {
      "questID:3": 140,
      "completed:9": {},
      "tasks:9": {
        "0:10": {
          "completeUsers:9": {},
          "userProgress:9": {},
          "index:3": 0,
          "taskID:8": "bq_standard:retrieval"
        }
      }
    },
    "141:10": {
      "questID:3": 141,
      "completed:9": {},
      "tasks:9": {
        "0:10": {
          "completeUsers:9": {},
          "userProgress:9": {},
          "index:3": 0,
          "taskID:8": "bq_standard:retrieval"
        }
      }
    },
    "142:10": {
      "questID:3": 142,
      "completed:9": {},
      "tasks:9": {
        "0:10": {
          "completeUsers:9": {},
          "index:3": 0,
          "taskID:8": "bq_standard:checkbox"
        }
      }
    },
    "143:10": {
      "questID:3": 143,
      "completed:9": {},
      "tasks:9": {
        "0:10": {
          "completeUsers:9": {},
          "index:3": 0,
          "taskID:8": "bq_standard:location"
        }
      }
    },
    "144:10": {
      "questID:3": 144,
      "completed:9": {},
      "tasks:9": {
        "0:10": {
          "completeUsers:9": {},
          "index:3": 0,
          "taskID:8": "bq_standard:location"
        }
      }
    },
    "145:10": {
      "questID:3": 145,
      "completed:9": {},
      "tasks:9": {
        "0:10": {
          "completeUsers:9": {},
          "index:3": 0,
          "taskID:8": "bq_standard:location"
        }
      }
    },
    "146:10": {
      "questID:3": 146,
      "completed:9": {},
      "tasks:9": {
        "0:10": {
          "completeUsers:9": {},
          "index:3": 0,
          "taskID:8": "bq_standard:location"
        }
      }
    },
    "147:10": {
      "questID:3": 147,
      "completed:9": {},
      "tasks:9": {
        "0:10": {
          "completeUsers:9": {},
          "index:3": 0,
          "taskID:8": "bq_standard:location"
        }
      }
    },
    "148:10": {
      "questID:3": 148,
      "completed:9": {},
      "tasks:9": {
        "0:10": {
          "completeUsers:9": {},
          "userProgress:9": {},
          "index:3": 0,
          "taskID:8": "bq_standard:retrieval"
        }
      }
    },
    "149:10": {
      "questID:3": 149,
      "completed:9": {},
      "tasks:9": {
        "0:10": {
          "completeUsers:9": {},
          "index:3": 0,
          "taskID:8": "bq_standard:checkbox"
        }
      }
    },
    "150:10": {
      "questID:3": 150,
      "completed:9": {},
      "tasks:9": {
        "0:10": {
          "completeUsers:9": {},
          "userProgress:9": {},
          "index:3": 0,
          "taskID:8": "bq_standard:retrieval"
        }
      }
    },
    "151:10": {
      "questID:3": 151,
      "completed:9": {},
      "tasks:9": {
        "0:10": {
          "completeUsers:9": {},
          "userProgress:9": {},
          "index:3": 0,
          "taskID:8": "bq_standard:retrieval"
        }
      }
    },
    "152:10": {
      "questID:3": 152,
      "completed:9": {},
      "tasks:9": {
        "0:10": {
          "completeUsers:9": {},
          "userProgress:9": {},
          "index:3": 0,
          "taskID:8": "bq_standard:retrieval"
        }
      }
    },
    "153:10": {
      "questID:3": 153,
      "completed:9": {},
      "tasks:9": {
        "0:10": {
          "completeUsers:9": {},
          "userProgress:9": {},
          "index:3": 0,
          "taskID:8": "bq_standard:retrieval"
        }
      }
    },
    "154:10": {
      "questID:3": 154,
      "completed:9": {},
      "tasks:9": {
        "0:10": {
          "completeUsers:9": {},
          "userProgress:9": {},
          "index:3": 0,
          "taskID:8": "bq_standard:retrieval"
        }
      }
    },
    "155:10": {
      "questID:3": 155,
      "completed:9": {},
      "tasks:9": {
        "0:10": {
          "completeUsers:9": {},
          "userProgress:9": {},
          "index:3": 0,
          "taskID:8": "bq_standard:retrieval"
        }
      }
    },
    "156:10": {
      "questID:3": 156,
      "completed:9": {},
      "tasks:9": {
        "0:10": {
          "completeUsers:9": {},
          "userProgress:9": {},
          "index:3": 0,
          "taskID:8": "bq_standard:retrieval"
        }
      }
    },
    "157:10": {
      "questID:3": 157,
      "completed:9": {},
      "tasks:9": {
        "0:10": {
          "completeUsers:9": {},
          "userProgress:9": {},
          "index:3": 0,
          "taskID:8": "bq_standard:retrieval"
        }
      }
    },
    "158:10": {
      "questID:3": 158,
      "completed:9": {},
      "tasks:9": {
        "0:10": {
          "completeUsers:9": {},
          "userProgress:9": {},
          "index:3": 0,
          "taskID:8": "bq_standard:retrieval"
        }
      }
    },
    "159:10": {
      "questID:3": 159,
      "completed:9": {},
      "tasks:9": {
        "0:10": {
          "completeUsers:9": {},
          "index:3": 0,
          "taskID:8": "bq_standard:checkbox"
        }
      }
    },
    "160:10": {
      "questID:3": 160,
      "completed:9": {
        "0:10": {
          "claimed:1": 0,
          "uuid:8": "05890f56-aebb-416f-b984-10e7e60f4c76",
          "timestamp:4": 1590869474882
        }
      },
      "tasks:9": {}
    },
    "161:10": {
      "questID:3": 161,
      "completed:9": {},
      "tasks:9": {
        "0:10": {
          "completeUsers:9": {},
          "userProgress:9": {},
          "index:3": 0,
          "taskID:8": "bq_standard:retrieval"
        }
      }
    },
    "162:10": {
      "questID:3": 162,
      "completed:9": {},
      "tasks:9": {
        "0:10": {
          "completeUsers:9": {},
          "userProgress:9": {},
          "index:3": 0,
          "taskID:8": "bq_standard:retrieval"
        }
      }
    },
    "163:10": {
      "questID:3": 163,
      "completed:9": {},
      "tasks:9": {
        "0:10": {
          "completeUsers:9": {},
          "userProgress:9": {},
          "index:3": 0,
          "taskID:8": "bq_standard:retrieval"
        }
      }
    },
    "164:10": {
      "questID:3": 164,
      "completed:9": {},
      "tasks:9": {
        "0:10": {
          "completeUsers:9": {},
          "userProgress:9": {},
          "index:3": 0,
          "taskID:8": "bq_standard:retrieval"
        }
      }
    },
    "165:10": {
      "questID:3": 165,
      "completed:9": {},
      "tasks:9": {
        "0:10": {
          "completeUsers:9": {},
          "userProgress:9": {},
          "index:3": 0,
          "taskID:8": "bq_standard:retrieval"
        }
      }
    },
    "166:10": {
      "questID:3": 166,
      "completed:9": {},
      "tasks:9": {
        "0:10": {
          "completeUsers:9": {},
          "userProgress:9": {},
          "index:3": 0,
          "taskID:8": "bq_standard:retrieval"
        }
      }
    },
    "167:10": {
      "questID:3": 167,
      "completed:9": {},
      "tasks:9": {
        "0:10": {
          "completeUsers:9": {},
          "userProgress:9": {},
          "index:3": 0,
          "taskID:8": "bq_standard:retrieval"
        }
      }
    },
    "168:10": {
      "questID:3": 168,
      "completed:9": {},
      "tasks:9": {
        "0:10": {
          "completeUsers:9": {},
          "userProgress:9": {},
          "index:3": 0,
          "taskID:8": "bq_standard:retrieval"
        }
      }
    },
    "169:10": {
      "questID:3": 169,
      "completed:9": {},
      "tasks:9": {
        "0:10": {
          "completeUsers:9": {},
          "userProgress:9": {},
          "index:3": 0,
          "taskID:8": "bq_standard:retrieval"
        }
      }
    },
    "170:10": {
      "questID:3": 170,
      "completed:9": {},
      "tasks:9": {
        "0:10": {
          "completeUsers:9": {},
          "index:3": 0,
          "taskID:8": "bq_standard:checkbox"
        }
      }
    },
    "171:10": {
      "questID:3": 171,
      "completed:9": {},
      "tasks:9": {
        "0:10": {
          "completeUsers:9": {},
          "index:3": 0,
          "taskID:8": "bq_standard:checkbox"
        }
      }
    },
    "172:10": {
      "questID:3": 172,
      "completed:9": {},
      "tasks:9": {
        "0:10": {
          "completeUsers:9": {},
          "index:3": 0,
          "taskID:8": "bq_standard:checkbox"
        }
      }
    },
    "173:10": {
      "questID:3": 173,
      "completed:9": {
        "0:10": {
          "claimed:1": 0,
          "uuid:8": "05890f56-aebb-416f-b984-10e7e60f4c76",
          "timestamp:4": 1590870097886
        }
      },
      "tasks:9": {
        "0:10": {
          "completeUsers:9": {},
          "index:3": 0,
          "taskID:8": "bq_standard:checkbox"
        }
      }
    },
    "174:10": {
      "questID:3": 174,
      "completed:9": {
        "0:10": {
          "claimed:1": 0,
          "uuid:8": "05890f56-aebb-416f-b984-10e7e60f4c76",
          "timestamp:4": 1590869474882
        }
      },
      "tasks:9": {
        "0:10": {
          "completeUsers:9": {},
          "index:3": 0,
          "taskID:8": "bq_standard:checkbox"
        }
      }
    },
    "175:10": {
      "questID:3": 175,
      "completed:9": {},
      "tasks:9": {
        "0:10": {
          "completeUsers:9": {},
          "userProgress:9": {},
          "index:3": 0,
          "taskID:8": "bq_standard:retrieval"
        },
        "1:10": {
          "completeUsers:9": {},
          "userProgress:9": {},
          "index:3": 1,
          "taskID:8": "bq_standard:retrieval"
        }
      }
    },
    "176:10": {
      "questID:3": 176,
      "completed:9": {},
      "tasks:9": {
        "0:10": {
          "completeUsers:9": {},
          "userProgress:9": {},
          "index:3": 0,
          "taskID:8": "bq_standard:retrieval"
        }
      }
    },
    "177:10": {
      "questID:3": 177,
      "completed:9": {},
      "tasks:9": {
        "0:10": {
          "completeUsers:9": {},
          "userProgress:9": {},
          "index:3": 0,
          "taskID:8": "bq_standard:retrieval"
        }
      }
    },
    "178:10": {
      "questID:3": 178,
      "completed:9": {},
      "tasks:9": {
        "0:10": {
          "completeUsers:9": {},
          "index:3": 0,
          "taskID:8": "bq_standard:checkbox"
        }
      }
    },
    "179:10": {
      "questID:3": 179,
      "completed:9": {},
      "tasks:9": {
        "0:10": {
          "completeUsers:9": {},
          "userProgress:9": {},
          "index:3": 0,
          "taskID:8": "bq_standard:retrieval"
        }
      }
    },
    "180:10": {
      "questID:3": 180,
      "completed:9": {},
      "tasks:9": {
        "0:10": {
          "completeUsers:9": {},
          "index:3": 0,
          "taskID:8": "bq_standard:checkbox"
        }
      }
    },
    "181:10": {
      "questID:3": 181,
      "completed:9": {},
      "tasks:9": {
        "0:10": {
          "completeUsers:9": {},
          "userProgress:9": {},
          "index:3": 0,
          "taskID:8": "bq_standard:retrieval"
        }
      }
    },
    "182:10": {
      "questID:3": 182,
      "completed:9": {},
      "tasks:9": {
        "0:10": {
          "completeUsers:9": {},
          "userProgress:9": {},
          "index:3": 0,
          "taskID:8": "bq_standard:retrieval"
        }
      }
    },
    "183:10": {
      "questID:3": 183,
      "completed:9": {},
      "tasks:9": {}
    },
    "184:10": {
      "questID:3": 184,
      "completed:9": {},
      "tasks:9": {}
    },
    "185:10": {
      "questID:3": 185,
      "completed:9": {},
      "tasks:9": {
        "0:10": {
          "completeUsers:9": {},
          "userProgress:9": {},
          "index:3": 0,
          "taskID:8": "bq_standard:retrieval"
        }
      }
    },
    "186:10": {
      "questID:3": 186,
      "completed:9": {},
      "tasks:9": {}
    },
    "187:10": {
      "questID:3": 187,
      "completed:9": {},
      "tasks:9": {
        "0:10": {
          "completeUsers:9": {},
          "userProgress:9": {},
          "index:3": 0,
          "taskID:8": "bq_standard:retrieval"
        }
      }
    },
    "188:10": {
      "questID:3": 188,
      "completed:9": {},
      "tasks:9": {
        "0:10": {
          "completeUsers:9": {},
          "userProgress:9": {},
          "index:3": 0,
          "taskID:8": "bq_standard:retrieval"
        }
      }
    },
    "189:10": {
      "questID:3": 189,
      "completed:9": {},
      "tasks:9": {
        "0:10": {
          "completeUsers:9": {},
          "userProgress:9": {},
          "index:3": 0,
          "taskID:8": "bq_standard:retrieval"
        }
      }
    },
    "190:10": {
      "questID:3": 190,
      "completed:9": {},
      "tasks:9": {
        "0:10": {
          "completeUsers:9": {},
          "userProgress:9": {},
          "index:3": 0,
          "taskID:8": "bq_standard:retrieval"
        }
      }
    },
    "191:10": {
      "questID:3": 191,
      "completed:9": {},
      "tasks:9": {
        "0:10": {
          "completeUsers:9": {},
          "userProgress:9": {},
          "index:3": 0,
          "taskID:8": "bq_standard:retrieval"
        }
      }
    },
    "192:10": {
      "questID:3": 192,
      "completed:9": {},
      "tasks:9": {
        "0:10": {
          "completeUsers:9": {},
          "userProgress:9": {},
          "index:3": 0,
          "taskID:8": "bq_standard:retrieval"
        }
      }
    },
    "193:10": {
      "questID:3": 193,
      "completed:9": {},
      "tasks:9": {
        "0:10": {
          "completeUsers:9": {},
          "userProgress:9": {},
          "index:3": 0,
          "taskID:8": "bq_standard:retrieval"
        }
      }
    },
    "194:10": {
      "questID:3": 194,
      "completed:9": {},
      "tasks:9": {
        "0:10": {
          "completeUsers:9": {},
          "userProgress:9": {},
          "index:3": 0,
          "taskID:8": "bq_standard:retrieval"
        }
      }
    },
    "195:10": {
      "questID:3": 195,
      "completed:9": {},
      "tasks:9": {
        "0:10": {
          "completeUsers:9": {},
          "userProgress:9": {},
          "index:3": 0,
          "taskID:8": "bq_standard:retrieval"
        }
      }
    },
    "196:10": {
      "questID:3": 196,
      "completed:9": {},
      "tasks:9": {
        "0:10": {
          "completeUsers:9": {},
          "userProgress:9": {},
          "index:3": 0,
          "taskID:8": "bq_standard:retrieval"
        }
      }
    },
    "197:10": {
      "questID:3": 197,
      "completed:9": {},
      "tasks:9": {}
    },
    "198:10": {
      "questID:3": 198,
      "completed:9": {},
      "tasks:9": {}
    },
    "199:10": {
      "questID:3": 199,
      "completed:9": {},
      "tasks:9": {}
    },
    "200:10": {
      "questID:3": 200,
      "completed:9": {},
      "tasks:9": {
        "0:10": {
          "completeUsers:9": {},
          "userProgress:9": {},
          "index:3": 0,
          "taskID:8": "bq_standard:retrieval"
        }
      }
    },
    "201:10": {
      "questID:3": 201,
      "completed:9": {},
      "tasks:9": {}
    },
    "202:10": {
      "questID:3": 202,
      "completed:9": {},
      "tasks:9": {}
    },
    "203:10": {
      "questID:3": 203,
      "completed:9": {},
      "tasks:9": {}
    },
    "204:10": {
      "questID:3": 204,
      "completed:9": {},
      "tasks:9": {
        "0:10": {
          "completeUsers:9": {},
          "index:3": 0,
          "taskID:8": "bq_standard:checkbox"
        }
      }
    }
  }
}