{
    "machine": "pressure_poop_injector",
    "registryName": "poop_injector2",
    "recipeTime": 180,
    "requirements": [
        {
            "type": "modularmachinery:energy",
            "io-type": "input",
            "energyPerTick": 16
        },
        {
            "type": "modularmachinery:item",
            "io-type": "input",
            "item": "compactmachines3:machine@2",
            "amount": 1
        },
        {
            "type": "modularmachinery:item",
            "io-type": "input",
            "item": "cropdusting:poop",
            "amount": 32
        },
        {
            "type": "modularmachinery:fluid",
            "io-type": "input",
            "fluid": "water",
            "amount": 32000
        },
        {
            "type": "modularmachinery:item",
            "io-type": "output",
            "item": "contenttweaker:glitched2",
            "amount": 1
        }
    ],
    "processingCommands": [
        "/time set day"
    ]
}