{"stat.mineBlock.integrateddynamics.menril_log_filled":1,"stat.useItem.clickmachine.auto_clicker":26,"stat.leaveGame":82,"stat.mineBlock.minecraft.cobblestone":41,"stat.useItem.thermalfoundation.fertilizer":37,"stat.pickup.minecraft.flint":4,"stat.drop.bedrockminer.bedrock_pickaxe":1,"stat.drop.thermalfoundation.material":2,"stat.drop.forge.bucketfilled":2,"stat.swimOneCm":2451,"stat.useItem.minecraft.planks":2,"stat.pickup.galacticraftplanets.desh_pick":1,"stat.useItem.minecraft.stone_slab2":354,"stat.useItem.minecraft.water_bucket":1,"stat.pickup.exnihilocreatio.hammer_iron":1,"stat.useItem.minecraft.golden_pickaxe":12,"stat.pickup.minecraft.cobblestone":12,"stat.pickup.bedrockminer.bedrock_pickaxe":1,"stat.useItem.exnihilocreatio.hammer_stone":1,"stat.flyOneCm":450457,"stat.mineBlock.minecraft.sand":1,"stat.drop.thermaldynamics.duct_0":1,"stat.useItem.minecraft.cooked_beef":1,"stat.drop.modularmachinery.blockcontroller":1,"stat.pickup.minecraft.redstone":1,"stat.timeSinceDeath":696211,"stat.hopperInspected":9,"stat.useItem.minecraft.sign":2,"stat.useItem.minecraft.spawn_egg":16,"stat.useItem.immersivepetroleum.schematic":1,"stat.useItem.immersiveengineering.sheetmetal_slab":14,"stat.pickup.nuclearcraft.cooler":2,"stat.drop.minecraft.chorus_fruit":3,"stat.drop.minecraft.stone_slab":2,"stat.drop.contenttweaker.hopstitutecarbonfiber":6,"stat.useItem.thermaldynamics.duct_0":40,"stat.sprintOneCm":33952,"stat.pickup.immersiveengineering.tool":1,"stat.useItem.minecraft.stone_slab":4,"stat.useItem.carryon.tile_item":1,"stat.drop.minecraft.wooden_hoe":1,"stat.pickup.integrateddynamics.menril_log":2,"stat.useItem.minecraft.structure_block":3,"stat.pickup.compactmachines3.psd":7,"stat.pickup.buildinggadgets.template":1,"stat.deaths":6,"stat.mineBlock.minecraft.planks":1,"stat.drop":37,"stat.useItem.compactmachines3.machine":1,"stat.playOneMinute":2237684,"stat.useItem.immersiveengineering.wooden_device0":4,"stat.pickup.compactmachines3.machine":64,"stat.pickup.enderio.item_inventory_charger_basic":1,"stat.pickup.minecraft.iron_block":8,"stat.craftItem.galacticraftcore.steel_axe":1,"stat.diveOneCm":7067,"stat.chestOpened":6,"stat.drop.contenttweaker.dirtdust":2,"stat.useItem.immersiveengineering.tool":12,"stat.pickup.immersiveengineering.material":2,"stat.pickup.contenttweaker.dirtdust":1715,"stat.pickup.minecraft.gravel":29,"stat.useItem.immersiveengineering.axe_steel":11,"stat.useItem.immersiveengineering.metal_decoration1":13,"stat.useItem.immersiveengineering.metal_decoration0":21,"stat.useItem.immersiveengineering.stone_decoration":31,"stat.jump":696,"stat.useItem.minecraft.wooden_hoe":1,"stat.fallOneCm":18367,"stat.drop.minecraft.stone":1,"stat.useItem.modularmachinery.itemblueprint":1,"stat.crouchOneCm":10165,"stat.drop.buildinggadgets.copypastetool":1,"stat.craftingTableInteraction":1,"stat.drop.minecraft.magma_cream":4,"stat.damageTaken":8280,"stat.pickup.immersiveengineering.metal":86,"stat.drop.uppers.upper":1,"stat.pickup.minecraft.planks":1,"stat.mineBlock.minecraft.gravel":23,"stat.useItem.immersiveengineering.metal_device0":34,"stat.damageDealt":98,"stat.useItem.immersiveengineering.metal_device1":3,"stat.pickup.contenttweaker.hopstitutecarbonfiber":68,"stat.killEntity.Cow":1,"stat.drop.galacticraftcore.steel_axe":1,"stat.walkOneCm":348062,"stat.useItem.immersiveengineering.storage":11,"stat.pickup.minecraft.golden_apple":1,"stat.pickup.contenttweaker.graveldust":420,"stat.useItem.minecraft.cobblestone":41,"stat.useItem.minecraft.gravel":27,"stat.useItem.immersiveengineering.sheetmetal":8,"stat.useItem.minecraft.lava_bucket":13,"stat.useItem.exnihilocreatio.hammer_iron":16,"stat.drop.questbook.itemquestbook":1,"stat.pickup.buildinggadgets.copypastetool":2,"stat.drop.thermalexpansion.machine":1,"stat.drop.cttinycoal.tiny_charcoal":1,"stat.drop.minecraft.iron_block":3,"stat.drop.immersiveengineering.tool":1,"stat.pickup.minecraft.chorus_fruit":6,"stat.useItem.exnihilocreatio.hammer_diamond":36,"stat.craftItem.bedrockminer.bedrock_leggings":2,"stat.drop.immersiveengineering.material":1,"stat.useItem.minecraft.iron_block":23,"stat.useItem.compactmachines3.wallbreakable":23,"stat.mobKills":1,"stat.mineBlock.integrateddynamics.menril_log":10,"stat.useItem.minecraft.golden_apple":3,"stat.sneakTime":5339,"stat.useItem.minecraft.chorus_fruit":2,"stat.pickup.clickmachine.auto_clicker":64}