{"stat.walkOneCm":57993,"stat.leaveGame":4,"stat.craftItem.minecraft.crafting_table":1,"stat.mineBlock.minecraft.yellow_flower":1,"stat.mineBlock.minecraft.double_plant":7,"stat.pickup.minecraft.planks":1,"stat.useItem.minecraft.golden_apple":2,"stat.flyOneCm":19544,"stat.jump":80,"stat.swimOneCm":757,"stat.pickup.minecraft.fence":1,"stat.playOneMinute":231350,"stat.fallOneCm":8830,"stat.sneakTime":149,"stat.crouchOneCm":497,"stat.timeSinceDeath":231350,"stat.pickup.minecraft.yellow_flower":1,"stat.sprintOneCm":10753,"stat.useItem.minecraft.stone_slab2":7,"stat.mineBlock.minecraft.tallgrass":2,"stat.diveOneCm":462}