{"stat.chestOpened":5,"stat.useItem.clickmachine.auto_clicker":25,"stat.useItem.immersiveengineering.tool":11,"stat.pickup.contenttweaker.dirtdust":1703,"stat.leaveGame":20,"stat.pickup.minecraft.flint":4,"stat.useItem.immersiveengineering.metal_decoration1":8,"stat.useItem.immersiveengineering.metal_decoration0":3,"stat.jump":372,"stat.swimOneCm":2413,"stat.fallOneCm":16846,"stat.crouchOneCm":7135,"stat.useItem.minecraft.stone_slab2":252,"stat.useItem.minecraft.water_bucket":1,"stat.craftingTableInteraction":1,"stat.damageTaken":7940,"stat.pickup.immersiveengineering.metal":8,"stat.flyOneCm":401568,"stat.useItem.immersiveengineering.metal_device0":28,"stat.damageDealt":98,"stat.useItem.immersiveengineering.metal_device1":2,"stat.pickup.minecraft.redstone":1,"stat.timeSinceDeath":115969,"stat.killEntity.Cow":1,"stat.useItem.minecraft.sign":2,"stat.useItem.minecraft.spawn_egg":16,"stat.walkOneCm":136250,"stat.useItem.immersiveengineering.storage":5,"stat.pickup.contenttweaker.graveldust":419,"stat.useItem.minecraft.lava_bucket":13,"stat.pickup.nuclearcraft.cooler":2,"stat.drop.immersiveengineering.tool":1,"stat.useItem.thermaldynamics.duct_0":40,"stat.sprintOneCm":18440,"stat.pickup.immersiveengineering.tool":1,"stat.craftItem.bedrockminer.bedrock_leggings":2,"stat.useItem.carryon.tile_item":1,"stat.useItem.compactmachines3.wallbreakable":23,"stat.pickup.compactmachines3.psd":7,"stat.mobKills":1,"stat.deaths":5,"stat.drop":1,"stat.playOneMinute":517390,"stat.useItem.immersiveengineering.wooden_device0":4,"stat.sneakTime":3288,"stat.diveOneCm":7067}