{"stat.walkOneCm":67653,"stat.leaveGame":5,"stat.mineBlock.thermalfoundation.ore":1,"stat.craftItem.minecraft.crafting_table":1,"stat.mineBlock.minecraft.yellow_flower":1,"stat.mineBlock.minecraft.double_plant":7,"stat.pickup.exnihilocreatio.item_pebble":4,"stat.useItem.minecraft.lava_bucket":4,"stat.pickup.minecraft.planks":1,"stat.useItem.minecraft.golden_apple":2,"stat.flyOneCm":19544,"stat.jump":97,"stat.swimOneCm":757,"stat.pickup.minecraft.fence":1,"stat.playOneMinute":248565,"stat.useItem.galacticraftcore.steel_pickaxe":1,"stat.fallOneCm":9308,"stat.sneakTime":149,"stat.crouchOneCm":497,"stat.timeSinceDeath":248565,"stat.pickup.minecraft.yellow_flower":1,"stat.sprintOneCm":10753,"stat.useItem.minecraft.stone_slab2":10,"stat.mineBlock.minecraft.tallgrass":2,"stat.diveOneCm":462}