{"stat.chestOpened":4,"stat.leaveGame":32,"stat.useItem.immersiveengineering.stone_decoration":18,"stat.jump":553,"stat.swimOneCm":188,"stat.fallOneCm":2324,"stat.crouchOneCm":9666,"stat.pickup.minecraft.dirt":1,"stat.pickup.cof.coinofflight":1,"stat.useItem.minecraft.stone_slab2":1106,"stat.useItem.minecraft.water_bucket":9,"stat.pickup.nuclearcraft.fission_block":1,"stat.damageTaken":70,"stat.useItem.bedrockminer.bedrock_pickaxe":1,"stat.flyOneCm":473524,"stat.useItem.minecraft.ender_pearl":9,"stat.useItem.forge.bucketfilled":1,"stat.useItem.thermalfoundation.meter":104,"stat.useItem.modularmachinery.itemconstructtool":55,"stat.useItem.immersiveengineering.metal_device0":6,"stat.useItem.immersiveengineering.metal_device1":57,"stat.damageDealt":48,"stat.drop.nuclearcraft.fission_block":1,"stat.timeSinceDeath":614800,"stat.hopperInspected":1,"stat.mineBlock.minecraft.dirt":1,"stat.mineBlock.contenttweaker.hardglass":2,"stat.walkOneCm":402996,"stat.useItem.immersiveengineering.storage":14,"stat.useItem.immersiveengineering.sheetmetal_slab":38,"stat.useItem.immersiveengineering.sheetmetal":39,"stat.useItem.minecraft.lava_bucket":40,"stat.drop.cof.coinofflight":1,"stat.shulkerBoxOpened":2,"stat.sprintOneCm":26994,"stat.useItem.minecraft.redstone_ore":1,"stat.useItem.minecraft.flint_and_steel":18,"stat.useItem.minecraft.diamond_pickaxe":1,"stat.useItem.chisel.lavastone":45,"stat.drop":2,"stat.playOneMinute":614800,"stat.useItem.immersiveengineering.wooden_device0":1,"stat.pickup.compactmachines3.machine":1,"stat.sneakTime":6195,"stat.useItem.chisel.block_coal":12,"stat.pickup.arcadialbonsaitrees.bonsai_oak_sapling":1,"stat.useItem.opencomputers.keyboard":1,"stat.diveOneCm":1580}